{"cameraMode":{"drawMode":0,"name":"Shaded","section":"Shading Mode"},"sceneLighting":false,"audioPlay":false,"sceneViewState":{"m_AlwaysRefresh":false,"showFog":true,"showSkybox":true,"showFlares":true,"showImageEffects":true,"showParticleSystems":true,"showVisualEffectGraphs":true,"m_FxEnabled":true},"in2DMode":false,"pivot":{"x":344.0542907714844,"y":390.5382995605469,"z":57.82807922363281},"rotation":{"x":0.026686793193221093,"y":0.002092397538945079,"z":0.00023502905969507992,"w":-0.9997222423553467},"size":523.619873046875,"orthographic":false}