{"cameraMode":{"drawMode":0,"name":"Shaded","section":"Shading Mode"},"sceneLighting":false,"audioPlay":false,"sceneViewState":{"m_AlwaysRefresh":false,"showFog":true,"showSkybox":false,"showFlares":true,"showImageEffects":true,"showParticleSystems":true,"showVisualEffectGraphs":true,"m_FxEnabled":true},"in2DMode":false,"pivot":{"x":0.013788387179374695,"y":0.04031173884868622,"z":0.0404813289642334},"rotation":{"x":0.16161565482616425,"y":0.6819109916687012,"z":-0.1584549844264984,"w":0.6955504417419434},"size":0.8660253882408142,"orthographic":false}