{"cameraMode":{"drawMode":0,"name":"Shaded","section":"Shading Mode"},"sceneLighting":false,"audioPlay":false,"sceneViewState":{"m_AlwaysRefresh":false,"showFog":true,"showSkybox":false,"showFlares":true,"showImageEffects":true,"showParticleSystems":true,"showVisualEffectGraphs":true,"m_FxEnabled":true},"in2DMode":false,"pivot":{"x":-0.004865872673690319,"y":0.03918550908565521,"z":-0.011051170527935028},"rotation":{"x":0.08417464792728424,"y":-0.02989167906343937,"z":0.0025238913949579,"w":0.9960120320320129},"size":0.08515073359012604,"orthographic":false}